{
  "homeInfo": {
    "title": "首页",
    "href": "page/welcome.html"
  },
  "logoInfo": {
    "title": "气象数据分析系统",
    "image": "static/images/logo.png",
    "href": ""
  },
  "menuInfo": [
    {
      "title": "气象分析",
      "icon": "fa fa-address-book",
      "href": "",
      "target": "_self",
      "child": [
        {
          "title": "控制台",
          "href": "",
          "icon": "fa fa-home",
          "target": "_self",
          "child": [
            {
              "title": "主页",
              "href": "page/welcome.html",
              "icon": "fa fa-tachometer",
              "target": "_self"
            }
          ]
        },
        {
          "title": "系统管理",
          "href": "",
          "icon": "fa fa-cogs",
          "target": "_self",
          "child": [
            {
              "title": "用户管理",
              "href": "page/user.html",
              "icon": "fa fa-users",
              "target": "_self"
            },
            {
              "title": "公告管理",
              "href": "page/notice.html",
              "icon": "fa fa-volume-up",
              "target": "_self"
            }
          ]
        },
        {
          "title": "数据管理",
          "href": "",
          "icon": "fa fa-server",
          "target": "_self",
          "child": [
            {
              "title": "全国气象数据",
              "href": "page/currentWeather.html",
              "icon": "fa fa-globe",
              "target": "_self"
            },

            {
              "title": "历史数据",
              "href": "page/historyWeather.html",
              "icon": "fa fa-cubes",
              "target": "_self"
            }
          ]
        },
        {
          "title": "数据分析",
          "href": "",
          "icon": "fa fa-bar-chart",
          "target": "_self",
          "child": [
            {
              "title": "城市数据分析",
              "href": "page/cityAnalyse.html",
              "icon": "fa fa-line-chart",
              "target": "_self"
            },
            {
              "title": "气象分析",
              "href": "page/historyAnalyse.html",
              "icon": "fa fa-pie-chart",
              "target": "_self"
            },
            {
              "title": "天气预测",
              "href": "page/cityPredict.html",
              "icon": "fa fa-database",
              "target": "_self"
            }
          ]
        },
        {
          "title": "系统日志",
          "href": "",
          "icon": "fa fa-server",
          "target": "_self",
          "child": [
            {
              "title": "爬虫日志",
              "href": "page/slog.html",
              "icon": "fa fa-globe",
              "target": "_self"
            }
          ]
        }
      ]
    }
  ]
}